Peptide,Vial_Size,Total_Vials,Category,Primary_Use,Status
Ipamorelin,5mg,4,Growth Hormone,Clean GH stimulation,Ordered
BPC-157,5mg,6,Repair & Recovery,Tendon and ligament healing,Ordered
TB-500,5mg,0,Repair & Recovery,Tissue repair and regeneration,Ordered
GHK-Cu,50mg,3,Aesthetic & Skin Health,Skin rejuvenation,Ordered
MOTS-c,10mg,10,Metabolic & Energy,Enhanced mitochondrial function,Ordered
Retatrutide,10mg,3,Metabolic & Weight Management,Significant weight loss,Ordered
Pinealon,10mg,1,Longevity & Cognitive,Neuroprotection,Ordered
Thymulin,20mg,5,Immune & Longevity,Immune reconstitution,Ordered
Semax,10mg,2,Cognitive Enhancement,Enhanced focus and concentration,Ordered
KPV,5mg,10,Anti-Inflammatory & Gut Health,"Downregulates inflammatory signaling (NF-ÎºB, MAPK)",Ordered
Mod GRF 1-29 (CJC-1295 no DAC),5mg,3,Growth Hormone,Stimulates natural GH release patterns,Ordered
Tesamorelin,N/A,0,Growth Hormone,Reduction of visceral adipose tissue,Discussed
Selank,N/A,0,Cognitive & Mood,Anxiety reduction,Discussed
Pancragen,N/A,0,Metabolic & Endocrine,Beta cell function support,Discussed
Cortagen,N/A,0,Cognitive Enhancement,Enhanced memory and learning,Discussed
Chonluten,N/A,0,Digestive Health,Colon tissue protection and repair,Discussed
Livagen,N/A,0,Metabolic & Liver Health,Liver function optimization,Discussed
